Workbook

Sheet KILN_LOG_SHEET
A2: KILN LOG SHEET | AB2: KILN LOG SHEET
Y3: AVG VALUES | BB3: AVG VALUES
A4: Time Hours | B4: Feed Rate | E4: Gas Temperatures | L4: Mat Temp | N4: Drafts | V4: Speed | Z4: Dampers | AB4: Time Hours | AC4: CURRENT | AI4: Analyser | AO4: TRANSFORMERS | AU4: VIBRATION | BA4: QUALITY | BC4: REMARKS
B5: Kiln feed rate | C5: Coal to kiln | D5: Coal to PC | E5: PH fan inlet | F5: PC Out let | G5: Kiln in- let | H5: Seco- ndary Air | I5: Tert- iary Air | J5: Coo- ler ESP I/L | K5: RA BH I/L | L5: Stage-1 | M5: Stage-5 | N5: Ph Fan Inlet | O5: Ph Fan Outlet | P5: TAD | Q5: Kiln Inlet | R5: Kiln Hood | S5: Cooler ESP Inlet | T5: PC Outlet | U5: RABH DP | V5: Kiln RPM | W5: RABH Fan | X5: Cooler ESP Fan | Y5: Cooler | Z5: Preheater Fan | AA5: RABH Fan | AC5: Kiln | AD5: Preheater Fan | AE5: RABH Fan | AF5: ESP Fan (Amps) | AG5: Cooler Drive | AH5: KF B/E | AI5: PH Outlet | AK5: Kiln Inlet | AM5: PC Outlet | AO5: TRCC1 | AQ5: TRCC2 | AS5: TRCC3 | AU5: PH Fan | AW5: RABH Fan | AY5: Cooler ESP Fan | BA5: Clinker Lt.Wt.(gr) | BB5: TCO3 %
AI6: O2 | AJ6: CO | AK6: O2 | AL6: CO | AM6: O2 | AN6: CO | AO6: mA | AP6: KV | AQ6: mA | AR6: KV | AS6: mA | AT6: KV | AU6: Drive End | AV6: ND End | AW6: Drive End | AX6: ND End | AY6: Drive End | AZ6: ND End
A7: =Sheet2!A9 -> 2015-04-01 0:00:00 | B7: =Sheet2!B9 -> 0 | C7: =Sheet2!C9 -> 0 | D7: =Sheet2!D9 -> 0 | E7: =Sheet2!E9 -> 48.09 | F7: =Sheet2!F9 -> 287.8 | G7: =Sheet2!G9 -> 65.22 | H7: =Sheet2!H9 -> 107.52 | ... AA7: =Sheet2!AA9 -> 100 | AB7: =Sheet2!A9 -> 2015-04-01 0:00:00 | AC7: =Sheet2!AB9 -> 0 | AD7: =Sheet2!AC9 -> 0.25 | AE7: =Sheet2!AD9 -> 0 | AF7: =Sheet2!AE9 -> 0 | AG7: =Sheet2!AG9 -> 0 | AH7: =Sheet2!AI9 -> 0 | AI7: =Sheet2!AJ9 -> 0 | AJ7: =Sheet2!AK9 -> 0 | AK7: =Sheet2!AL9 -> 21.11 | AL7: =Sheet2!AM9 -> 0 | AM7: =Sheet2!AO9 -> 0 | AN7: =Sheet2!AP9 -> 0 | AO7: =Sheet2!AW9 -> 0.01 | AP7: =Sheet2!AX9 -> 0.01 | AQ7: =Sheet2!AY9 -> 300 | AR7: =Sheet2!AZ9 -> 120 | AS7: =Sheet2!BA9 -> 300 | AT7: =Sheet2!BB9 -> 120 | AU7: =Sheet2!AQ9 -> 0.03 | AV7: =Sheet2!AR9 -> 0 | AW7: =Sheet2!AS9 -> 0.03 | AX7: =Sheet2!AT9 -> 0 | AY7: =Sheet2!AU9 -> 0.06 | AZ7: =Sheet2!AV9 -> 0
A8: =Sheet2!A10 -> 2015-04-01 1:00:00 | B8: =Sheet2!B10 -> 0 | C8: =Sheet2!C10 -> 0 | D8: =Sheet2!D10 -> 0 | E8: =Sheet2!E10 -> 48.96 | F8: =Sheet2!F10 -> 290.35 | G8: =Sheet2!G10 -> 67.74 | H8: =Sheet2!H10 -> 104.44 | ... AA8: =Sheet2!AA10 -> 100 | AB8: =Sheet2!A10 -> 2015-04-01 1:00:00 | AC8: =Sheet2!AB10 -> 0 | AD8: =Sheet2!AC10 -> 0.25 | AE8: =Sheet2!AD10 -> 0 | AF8: =Sheet2!AE10 -> 0 | AG8: =Sheet2!AG10 -> 0 | AH8: =Sheet2!AI10 -> 0 | AI8: =Sheet2!AJ10 -> 0 | AJ8: =Sheet2!AK10 -> 0 | AK8: =Sheet2!AL10 -> 21.11 | AL8: =Sheet2!AM10 -> 0 | AM8: =Sheet2!AO10 -> 0 | AN8: =Sheet2!AP10 -> 0 | AO8: =Sheet2!AW10 -> 0.14 | AP8: =Sheet2!AX10 -> 0 | AQ8: =Sheet2!AY10 -> 300 | AR8: =Sheet2!AZ10 -> 120 | AS8: =Sheet2!BA10 -> 300 | AT8: =Sheet2!BB10 -> 120 | AU8: =Sheet2!AQ10 -> 0.03 | AV8: =Sheet2!AR10 -> 0 | AW8: =Sheet2!AS10 -> 0.03 | AX8: =Sheet2!AT10 -> 0 | AY8: =Sheet2!AU10 -> 0.06 | AZ8: =Sheet2!AV10 -> 0
A9: =Sheet2!A11 -> 2015-04-01 2:00:00 | B9: =Sheet2!B11 -> 0 | C9: =Sheet2!C11 -> 0 | D9: =Sheet2!D11 -> 0 | E9: =Sheet2!E11 -> 45.31 | F9: =Sheet2!F11 -> 279.28 | G9: =Sheet2!G11 -> 63.14 | H9: =Sheet2!H11 -> 101.64 | ... AA9: =Sheet2!AA11 -> 100 | AB9: =Sheet2!A11 -> 2015-04-01 2:00:00 | AC9: =Sheet2!AB11 -> 0 | AD9: =Sheet2!AC11 -> 0.25 | AE9: =Sheet2!AD11 -> 0 | AF9: =Sheet2!AE11 -> 0 | AG9: =Sheet2!AG11 -> 0 | AH9: =Sheet2!AI11 -> 0 | AI9: =Sheet2!AJ11 -> 0 | AJ9: =Sheet2!AK11 -> 0 | AK9: =Sheet2!AL11 -> 21.11 | AL9: =Sheet2!AM11 -> 0 | AM9: =Sheet2!AO11 -> 0 | AN9: =Sheet2!AP11 -> 0 | AO9: =Sheet2!AW11 -> 0.08 | AP9: =Sheet2!AX11 -> 0 | AQ9: =Sheet2!AY11 -> 300 | AR9: =Sheet2!AZ11 -> 120 | AS9: =Sheet2!BA11 -> 300 | AT9: =Sheet2!BB11 -> 120 | AU9: =Sheet2!AQ11 -> 0.03 | AV9: =Sheet2!AR11 -> 0 | AW9: =Sheet2!AS11 -> 0.03 | AX9: =Sheet2!AT11 -> 0 | AY9: =Sheet2!AU11 -> 0.06 | AZ9: =Sheet2!AV11 -> 0
A10: =Sheet2!A12 -> 2015-04-01 3:00:00 | B10: =Sheet2!B12 -> 0 | C10: =Sheet2!C12 -> 0 | D10: =Sheet2!D12 -> 0 | E10: =Sheet2!E12 -> 43.75 | F10: =Sheet2!F12 -> 268.53 | G10: =Sheet2!G12 -> 58.16 | H10: =Sheet2!H12 -> 99.24 | ... AA10: =Sheet2!AA12 -> 100 | AB10: =Sheet2!A12 -> 2015-04-01 3:00:00 | AC10: =Sheet2!AB12 -> 0 | AD10: =Sheet2!AC12 -> 0.25 | AE10: =Sheet2!AD12 -> 0 | AF10: =Sheet2!AE12 -> 0 | AG10: =Sheet2!AG12 -> 0 | AH10: =Sheet2!AI12 -> 0 | AI10: =Sheet2!AJ12 -> 0 | AJ10: =Sheet2!AK12 -> 0 | AK10: =Sheet2!AL12 -> 21.11 | AL10: =Sheet2!AM12 -> 0 | AM10: =Sheet2!AO12 -> 0 | AN10: =Sheet2!AP12 -> 0 | AO10: =Sheet2!AW12 -> 0.01 | AP10: =Sheet2!AX12 -> 0.01 | AQ10: =Sheet2!AY12 -> 300 | AR10: =Sheet2!AZ12 -> 120 | AS10: =Sheet2!BA12 -> 300 | AT10: =Sheet2!BB12 -> 120 | AU10: =Sheet2!AQ12 -> 0.03 | AV10: =Sheet2!AR12 -> 0 | AW10: =Sheet2!AS12 -> 0.03 | AX10: =Sheet2!AT12 -> 0 | AY10: =Sheet2!AU12 -> 0.06 | AZ10: =Sheet2!AV12 -> 0
A11: =Sheet2!A13 -> 2015-04-01 4:00:00 | B11: =Sheet2!B13 -> 0 | C11: =Sheet2!C13 -> 0.95 | D11: =Sheet2!D13 -> 0 | E11: =Sheet2!E13 -> 44.97 | F11: =Sheet2!F13 -> 265.86 | G11: =Sheet2!G13 -> 67.74 | H11: =Sheet2!H13 -> 96.95 | ... AA11: =Sheet2!AA13 -> 100 | AB11: =Sheet2!A13 -> 2015-04-01 4:00:00 | AC11: =Sheet2!AB13 -> 0 | AD11: =Sheet2!AC13 -> 0.25 | AE11: =Sheet2!AD13 -> 0 | AF11: =Sheet2!AE13 -> 0 | AG11: =Sheet2!AG13 -> 0 | AH11: =Sheet2!AI13 -> 0 | AI11: =Sheet2!AJ13 -> 0 | AJ11: =Sheet2!AK13 -> 0 | AK11: =Sheet2!AL13 -> 21.11 | AL11: =Sheet2!AM13 -> 0 | AM11: =Sheet2!AO13 -> 0 | AN11: =Sheet2!AP13 -> 0 | AO11: =Sheet2!AW13 -> 0.03 | AP11: =Sheet2!AX13 -> 0 | AQ11: =Sheet2!AY13 -> 300 | AR11: =Sheet2!AZ13 -> 120 | AS11: =Sheet2!BA13 -> 300 | AT11: =Sheet2!BB13 -> 120 | AU11: =Sheet2!AQ13 -> 0.03 | AV11: =Sheet2!AR13 -> 0 | AW11: =Sheet2!AS13 -> 0.03 | AX11: =Sheet2!AT13 -> 0 | AY11: =Sheet2!AU13 -> 0.06 | AZ11: =Sheet2!AV13 -> 0
A12: =Sheet2!A14 -> 2015-04-01 5:00:00 | B12: =Sheet2!B14 -> 0 | C12: =Sheet2!C14 -> 1.92 | D12: =Sheet2!D14 -> 0 | E12: =Sheet2!E14 -> 48.09 | F12: =Sheet2!F14 -> 290.12 | G12: =Sheet2!G14 -> 206.63 | H12: =Sheet2!H14 -> 96.86 | ... AA12: =Sheet2!AA14 -> 100 | AB12: =Sheet2!A14 -> 2015-04-01 5:00:00 | AC12: =Sheet2!AB14 -> 0 | AD12: =Sheet2!AC14 -> 0.25 | AE12: =Sheet2!AD14 -> 0 | AF12: =Sheet2!AE14 -> 0 | AG12: =Sheet2!AG14 -> 0 | AH12: =Sheet2!AI14 -> 0 | AI12: =Sheet2!AJ14 -> 0 | AJ12: =Sheet2!AK14 -> 0 | AK12: =Sheet2!AL14 -> 21.11 | AL12: =Sheet2!AM14 -> 0 | AM12: =Sheet2!AO14 -> 0 | AN12: =Sheet2!AP14 -> 0 | AO12: =Sheet2!AW14 -> 0.15 | AP12: =Sheet2!AX14 -> 0.1 | AQ12: =Sheet2!AY14 -> 300 | AR12: =Sheet2!AZ14 -> 120 | AS12: =Sheet2!BA14 -> 300 | AT12: =Sheet2!BB14 -> 120 | AU12: =Sheet2!AQ14 -> 0.03 | AV12: =Sheet2!AR14 -> 0 | AW12: =Sheet2!AS14 -> 0.03 | AX12: =Sheet2!AT14 -> 0 | AY12: =Sheet2!AU14 -> 0.06 | AZ12: =Sheet2!AV14 -> 0
A13: =Sheet2!A15 -> 2015-04-01 6:00:00 | B13: =Sheet2!B15 -> 0 | C13: =Sheet2!C15 -> 0 | D13: =Sheet2!D15 -> 0 | E13: =Sheet2!E15 -> 50.87 | F13: =Sheet2!F15 -> 257.25 | G13: =Sheet2!G15 -> 79.69 | H13: =Sheet2!H15 -> 92.64 | ... AA13: =Sheet2!AA15 -> 100 | AB13: =Sheet2!A15 -> 2015-04-01 6:00:00 | AC13: =Sheet2!AB15 -> 0 | AD13: =Sheet2!AC15 -> 0.25 | AE13: =Sheet2!AD15 -> 0 | AF13: =Sheet2!AE15 -> 0 | AG13: =Sheet2!AG15 -> 0 | AH13: =Sheet2!AI15 -> 0 | AI13: =Sheet2!AJ15 -> 0 | AJ13: =Sheet2!AK15 -> 0 | AK13: =Sheet2!AL15 -> 21.11 | AL13: =Sheet2!AM15 -> 0 | AM13: =Sheet2!AO15 -> 0 | AN13: =Sheet2!AP15 -> 0 | AO13: =Sheet2!AW15 -> 0.07 | AP13: =Sheet2!AX15 -> 0 | AQ13: =Sheet2!AY15 -> 300 | AR13: =Sheet2!AZ15 -> 120 | AS13: =Sheet2!BA15 -> 300 | AT13: =Sheet2!BB15 -> 120 | AU13: =Sheet2!AQ15 -> 0.03 | AV13: =Sheet2!AR15 -> 0 | AW13: =Sheet2!AS15 -> 0.03 | AX13: =Sheet2!AT15 -> 0 | AY13: =Sheet2!AU15 -> 0.06 | AZ13: =Sheet2!AV15 -> 0
A14: =Sheet2!A16 -> 2015-04-01 7:00:00 | B14: =Sheet2!B16 -> 0 | C14: =Sheet2!C16 -> 0 | D14: =Sheet2!D16 -> 0 | E14: =Sheet2!E16 -> 49.48 | F14: =Sheet2!F16 -> 252.86 | G14: =Sheet2!G16 -> 70.31 | H14: =Sheet2!H16 -> 88.4 | ... AA14: =Sheet2!AA16 -> 100 | AB14: =Sheet2!A16 -> 2015-04-01 7:00:00 | AC14: =Sheet2!AB16 -> 0 | AD14: =Sheet2!AC16 -> 0.25 | AE14: =Sheet2!AD16 -> 0 | AF14: =Sheet2!AE16 -> 0 | AG14: =Sheet2!AG16 -> 0 | AH14: =Sheet2!AI16 -> 0 | AI14: =Sheet2!AJ16 -> 0 | AJ14: =Sheet2!AK16 -> 0 | AK14: =Sheet2!AL16 -> 21.11 | AL14: =Sheet2!AM16 -> 0 | AM14: =Sheet2!AO16 -> 0 | AN14: =Sheet2!AP16 -> 0 | AO14: =Sheet2!AW16 -> 0.02 | AP14: =Sheet2!AX16 -> 0.03 | AQ14: =Sheet2!AY16 -> 300 | AR14: =Sheet2!AZ16 -> 120 | AS14: =Sheet2!BA16 -> 300 | AT14: =Sheet2!BB16 -> 120 | AU14: =Sheet2!AQ16 -> 0.03 | AV14: =Sheet2!AR16 -> 0 | AW14: =Sheet2!AS16 -> 0.03 | AX14: =Sheet2!AT16 -> 0 | AY14: =Sheet2!AU16 -> 0.06 | AZ14: =Sheet2!AV16 -> 0
A15: =Sheet2!A17 -> 2015-04-01 8:00:00 | B15: =Sheet2!B17 -> 0 | C15: =Sheet2!C17 -> 0 | D15: =Sheet2!D17 -> 0 | E15: =Sheet2!E17 -> 48.95 | F15: =Sheet2!F17 -> 242.69 | G15: =Sheet2!G17 -> 59.98 | H15: =Sheet2!H17 -> 82.35 | ... AA15: =Sheet2!AA17 -> 100 | AB15: =Sheet2!A17 -> 2015-04-01 8:00:00 | AC15: =Sheet2!AB17 -> 0 | AD15: =Sheet2!AC17 -> 0.25 | AE15: =Sheet2!AD17 -> 0 | AF15: =Sheet2!AE17 -> 0 | AG15: =Sheet2!AG17 -> 0 | AH15: =Sheet2!AI17 -> 0 | AI15: =Sheet2!AJ17 -> 0 | AJ15: =Sheet2!AK17 -> 0 | AK15: =Sheet2!AL17 -> 21.11 | AL15: =Sheet2!AM17 -> 0 | AM15: =Sheet2!AO17 -> 0 | AN15: =Sheet2!AP17 -> 0 | AO15: =Sheet2!AW17 -> 0.09 | AP15: =Sheet2!AX17 -> 0.03 | AQ15: =Sheet2!AY17 -> 300 | AR15: =Sheet2!AZ17 -> 120 | AS15: =Sheet2!BA17 -> 300 | AT15: =Sheet2!BB17 -> 120 | AU15: =Sheet2!AQ17 -> 0.03 | AV15: =Sheet2!AR17 -> 0 | AW15: =Sheet2!AS17 -> 0.04 | AX15: =Sheet2!AT17 -> 0 | AY15: =Sheet2!AU17 -> 0.07 | AZ15: =Sheet2!AV17 -> 0
A16: =Sheet2!A18 -> 2015-04-01 9:00:00 | B16: =Sheet2!B18 -> 0 | C16: =Sheet2!C18 -> 1.09 | D16: =Sheet2!D18 -> 0 | E16: =Sheet2!E18 -> 52.59 | F16: =Sheet2!F18 -> 269.3 | G16: =Sheet2!G18 -> 165.1 | H16: =Sheet2!H18 -> 76.36 | ... AA16: =Sheet2!AA18 -> 100 | AB16: =Sheet2!A18 -> 2015-04-01 9:00:00 | AC16: =Sheet2!AB18 -> 0 | AD16: =Sheet2!AC18 -> 0.25 | AE16: =Sheet2!AD18 -> 0 | AF16: =Sheet2!AE18 -> 0 | AG16: =Sheet2!AG18 -> 0 | AH16: =Sheet2!AI18 -> 0 | AI16: =Sheet2!AJ18 -> 0 | AJ16: =Sheet2!AK18 -> 0 | AK16: =Sheet2!AL18 -> 21.11 | AL16: =Sheet2!AM18 -> 0 | AM16: =Sheet2!AO18 -> 0 | AN16: =Sheet2!AP18 -> 0 | AO16: =Sheet2!AW18 -> 0.19 | AP16: =Sheet2!AX18 -> 0.04 | AQ16: =Sheet2!AY18 -> 300 | AR16: =Sheet2!AZ18 -> 120 | AS16: =Sheet2!BA18 -> 300 | AT16: =Sheet2!BB18 -> 120 | AU16: =Sheet2!AQ18 -> 0.04 | AV16: =Sheet2!AR18 -> 0.01 | AW16: =Sheet2!AS18 -> 0.05 | AX16: =Sheet2!AT18 -> 0 | AY16: =Sheet2!AU18 -> 0.07 | AZ16: =Sheet2!AV18 -> 0
A17: =Sheet2!A19 -> 2015-04-01 10:00:00 | B17: =Sheet2!B19 -> 0 | C17: =Sheet2!C19 -> 2.2 | D17: =Sheet2!D19 -> 0 | E17: =Sheet2!E19 -> 63.89 | F17: =Sheet2!F19 -> 516.52 | G17: =Sheet2!G19 -> 489.61 | H17: =Sheet2!H19 -> 73.13 | ... AA17: =Sheet2!AA19 -> 100 | AB17: =Sheet2!A19 -> 2015-04-01 10:00:00 | AC17: =Sheet2!AB19 -> 0 | AD17: =Sheet2!AC19 -> 0.25 | AE17: =Sheet2!AD19 -> 0 | AF17: =Sheet2!AE19 -> 0 | AG17: =Sheet2!AG19 -> 0 | AH17: =Sheet2!AI19 -> 0 | AI17: =Sheet2!AJ19 -> 0 | AJ17: =Sheet2!AK19 -> 0 | AK17: =Sheet2!AL19 -> 21.11 | AL17: =Sheet2!AM19 -> 0 | AM17: =Sheet2!AO19 -> 0 | AN17: =Sheet2!AP19 -> 0 | AO17: =Sheet2!AW19 -> 0.04 | AP17: =Sheet2!AX19 -> 0 | AQ17: =Sheet2!AY19 -> 300 | AR17: =Sheet2!AZ19 -> 120 | AS17: =Sheet2!BA19 -> 300 | AT17: =Sheet2!BB19 -> 120 | AU17: =Sheet2!AQ19 -> 0.04 | AV17: =Sheet2!AR19 -> 0.01 | AW17: =Sheet2!AS19 -> 0.06 | AX17: =Sheet2!AT19 -> 0 | AY17: =Sheet2!AU19 -> 0.07 | AZ17: =Sheet2!AV19 -> 0
A18: =Sheet2!A20 -> 2015-04-01 11:00:00 | B18: =Sheet2!B20 -> 0 | C18: =Sheet2!C20 -> 3.02 | D18: =Sheet2!D20 -> 0 | E18: =Sheet2!E20 -> 81.94 | F18: =Sheet2!F20 -> 703.82 | G18: =Sheet2!G20 -> 584.52 | H18: =Sheet2!H20 -> 78.05 | ... AA18: =Sheet2!AA20 -> 100 | AB18: =Sheet2!A20 -> 2015-04-01 11:00:00 | AC18: =Sheet2!AB20 -> 0 | AD18: =Sheet2!AC20 -> 0.25 | AE18: =Sheet2!AD20 -> 0 | AF18: =Sheet2!AE20 -> 18.7 | AG18: =Sheet2!AG20 -> 0 | AH18: =Sheet2!AI20 -> 0 | AI18: =Sheet2!AJ20 -> 0 | AJ18: =Sheet2!AK20 -> 0 | AK18: =Sheet2!AL20 -> 21.11 | AL18: =Sheet2!AM20 -> 0 | AM18: =Sheet2!AO20 -> 0 | AN18: =Sheet2!AP20 -> 0 | AO18: =Sheet2!AW20 -> 0.04 | AP18: =Sheet2!AX20 -> 0 | AQ18: =Sheet2!AY20 -> 300 | AR18: =Sheet2!AZ20 -> 120 | AS18: =Sheet2!BA20 -> 300 | AT18: =Sheet2!BB20 -> 120 | AU18: =Sheet2!AQ20 -> 0.04 | AV18: =Sheet2!AR20 -> 0.01 | AW18: =Sheet2!AS20 -> 0.06 | AX18: =Sheet2!AT20 -> 0 | AY18: =Sheet2!AU20 -> 0.07 | AZ18: =Sheet2!AV20 -> 0
... A30: =Sheet2!A32 -> 2015-04-01 23:00:00 | B30: =Sheet2!B32 -> 49.98 | C30: =Sheet2!C32 -> 2.66 | D30: =Sheet2!D32 -> 4.2 | E30: =Sheet2!E32 -> 388.83 | F30: =Sheet2!F32 -> 1199.97 | G30: =Sheet2!G32 -> 853.76 | H30: =Sheet2!H32 -> 771.66 | ... AA30: =Sheet2!AA32 -> 100 | AB30: =Sheet2!A32 -> 2015-04-01 23:00:00 | AC30: =Sheet2!AB32 -> 68.73 | AD30: =Sheet2!AC32 -> 493.35 | AE30: =Sheet2!AD32 -> 500.96 | AF30: =Sheet2!AE32 -> 105.3 | AG30: =Sheet2!AG32 -> 10.46 | AH30: =Sheet2!AI32 -> 17.78 | AI30: =Sheet2!AJ32 -> 1.67 | AJ30: =Sheet2!AK32 -> 0.51 | AK30: =Sheet2!AL32 -> 21.11 | AL30: =Sheet2!AM32 -> 0.06 | AM30: =Sheet2!AO32 -> 0.2 | AN30: =Sheet2!AP32 -> 0.64 | AO30: =Sheet2!AW32 -> 15.05 | AP30: =Sheet2!AX32 -> 24.33 | AQ30: =Sheet2!AY32 -> 18.31 | AR30: =Sheet2!AZ32 -> 23.22 | AS30: =Sheet2!BA32 -> 23.6 | AT30: =Sheet2!BB32 -> 27.69 | AU30: =Sheet2!AQ32 -> 7.12 | AV30: =Sheet2!AR32 -> 1.26 | AW30: =Sheet2!AS32 -> 0.58 | AX30: =Sheet2!AT32 -> 0.01 | AY30: =Sheet2!AU32 -> 0.43 | AZ30: =Sheet2!AV32 -> 0
AB31: A SHIFT | AX31: C SHIFT
Z33: PTO

Sheet Sheet2
A1: TOSHALI CEMENT PVT LTD
A3: HOURLY REPORT : KILN_LOG Plant | M3: Report Type: | N3: AVG Values
B6: 1 | C6: 2 | D6: 3 | E6: 4 | F6: 5 | G6: 6 | H6: 7 | I6: 8 | J6: 9 | K6: 10 | L6: 11 | M6: 12 | N6: 13 | O6: 14 | P6: 15 | Q6: 16 | R6: 17 | S6: 18 | T6: 19 | U6: 20 | V6: 21 | W6: 22 | X6: 23 | Y6: 24 | Z6: 25 | AA6: 26 | AB6: 27 | AC6: 28 | AD6: 29 | AE6: 30 | AF6: 31 | AG6: 32 | AH6: 33 | AI6: 34 | AJ6: 35 | AK6: 36 | AL6: 37 | AM6: 38 | AN6: 39 | AO6: 40 | AP6: 41 | AQ6: 42 | AR6: 43 | AS6: 44 | AT6: 45 | AU6: 46 | AV6: 47 | AW6: 48 | AX6: 49 | AY6: 50 | AZ6: 51 | BA6: 52 | BB6: 53 | BC6: 54 | BD6: 55 | BE6: 56 | BF6: 57 | BG6: 58 | BH6: 59 | BI6: 60
A7: TIME | B7: VALUE1 | C7: VALUE2 | D7: VALUE3 | E7: VALUE4 | F7: VALUE5 | G7: VALUE6 | H7: VALUE7 | I7: VALUE8 | J7: VALUE9 | K7: VALUE10 | L7: VALUE11 | M7: VALUE12 | N7: VALUE13 | O7: VALUE14 | P7: VALUE15 | Q7: VALUE16 | R7: VALUE17 | S7: VALUE18 | T7: VALUE19 | U7: VALUE20 | V7: VALUE21 | W7: VALUE22 | X7: VALUE23 | Y7: VALUE24 | Z7: VALUE25 | AA7: VALUE26 | AB7: VALUE27 | AC7: VALUE28 | AD7: VALUE29 | AE7: VALUE30 | AF7: VALUE31 | AG7: VALUE32 | AH7: VALUE33 | AI7: VALUE34 | AJ7: VALUE35 | AK7: VALUE36 | AL7: VALUE37 | AM7: VALUE38 | AN7: VALUE39 | AO7: VALUE40 | AP7: VALUE41 | AQ7: VALUE42 | AR7: VALUE43 | AS7: VALUE44 | AT7: VALUE45 | AU7: VALUE46 | AV7: VALUE47 | AW7: VALUE48 | AX7: VALUE49 | AY7: VALUE50 | AZ7: VALUE51 | BA7: VALUE52 | BB7: VALUE53 | BC7: VALUE54 | BD7: VALUE55 | BE7: VALUE56 | BF7: VALUE57 | BG7: VALUE58 | BH7: VALUE59 | BI7: VALUE60
B8: UNIT | C8: UNIT | D8: UNIT | E8: UNIT | F8: UNIT | G8: UNIT | H8: UNIT | I8: UNIT | J8: UNIT | K8: UNIT | L8: UNIT | M8: UNIT | N8: UNIT | O8: UNIT | P8: UNIT | Q8: UNIT | R8: UNIT | S8: UNIT | T8: UNIT | U8: UNIT | V8: UNIT | W8: UNIT | X8: UNIT | Y8: UNIT | Z8: UNIT | AA8: UNIT | AB8: UNIT | AC8: UNIT | AD8: UNIT | AE8: UNIT | AF8: UNIT | AG8: UNIT | AH8: UNIT | AI8: UNIT | AJ8: UNIT | AK8: UNIT | AL8: UNIT | AM8: UNIT | AN8: UNIT | AO8: UNIT | AP8: UNIT | AQ8: UNIT | AR8: UNIT | AS8: UNIT | AT8: UNIT | AU8: UNIT | AV8: UNIT | AW8: UNIT | AX8: UNIT | AY8: UNIT | AZ8: UNIT | BA8: UNIT | BB8: UNIT | BC8: UNIT | BD8: UNIT | BE8: UNIT | BF8: UNIT | BG8: UNIT | BH8: UNIT | BI8: UNIT
A9: 2015-04-01 0:00:00 | B9: 0 | C9: 0 | D9: 0 | E9: 48.09 | F9: 287.8 | G9: 65.22 | H9: 107.52 | I9: 128.38 | J9: 37.88 | K9: 50.23 | L9: 127.75 | M9: 46.67 | N9: 0 | O9: -3.08 | P9: -13.8 | Q9: 0 | R9: -0.24 | S9: 0 | T9: -0.6 | U9: 0 | V9: 0 | W9: 0 | X9: 0 | Y9: 0 | Z9: 0.43 | AA9: 100 | AB9: 0 | AC9: 0.25 | AD9: 0 | AE9: 0 | AF9: 0 | AG9: 0 | AH9: 0 | AI9: 0 | AJ9: 0 | AK9: 0 | AL9: 21.11 | AM9: 0 | AN9: 0 | AO9: 0 | AP9: 0 | AQ9: 0.03 | AR9: 0 | AS9: 0.03 | AT9: 0 | AU9: 0.06 | AV9: 0 | AW9: 0.01 | AX9: 0.01 | AY9: 300 | AZ9: 120 | BA9: 300 | BB9: 120 | BC9: 0 | BD9: 0 | BE9: 0 | BF9: 0 | BG9: 0 | BH9: 0 | BI9: 0
A10: 2015-04-01 1:00:00 | B10: 0 | C10: 0 | D10: 0 | E10: 48.96 | F10: 290.35 | G10: 67.74 | H10: 104.44 | I10: 134.86 | J10: 37.33 | K10: 48.07 | L10: 125.47 | M10: 47.64 | N10: 0 | O10: -3.12 | P10: -13.98 | Q10: 0 | R10: -0.23 | S10: 0 | T10: -0.4 | U10: 0 | V10: 0 | W10: 0 | X10: 0 | Y10: 0 | Z10: 0.43 | AA10: 100 | AB10: 0 | AC10: 0.25 | AD10: 0 | AE10: 0 | AF10: 0 | AG10: 0 | AH10: 0 | AI10: 0 | AJ10: 0 | AK10: 0 | AL10: 21.11 | AM10: 0 | AN10: 0 | AO10: 0 | AP10: 0 | AQ10: 0.03 | AR10: 0 | AS10: 0.03 | AT10: 0 | AU10: 0.06 | AV10: 0 | AW10: 0.14 | AX10: 0 | AY10: 300 | AZ10: 120 | BA10: 300 | BB10: 120 | BC10: 0 | BD10: 0 | BE10: 0 | BF10: 0 | BG10: 0 | BH10: 0 | BI10: 0
A11: 2015-04-01 2:00:00 | B11: 0 | C11: 0 | D11: 0 | E11: 45.31 | F11: 279.28 | G11: 63.14 | H11: 101.64 | I11: 123.05 | J11: 36.55 | K11: 46.1 | L11: 122.44 | M11: 43.5 | N11: -0.04 | O11: -3.1 | P11: -14.08 | Q11: 0 | R11: -0.23 | S11: 0 | T11: -0.26 | U11: 0 | V11: 0 | W11: 0 | X11: 0 | Y11: 0 | Z11: 0.43 | AA11: 100 | AB11: 0 | AC11: 0.25 | AD11: 0 | AE11: 0 | AF11: 0 | AG11: 0 | AH11: 0 | AI11: 0 | AJ11: 0 | AK11: 0 | AL11: 21.11 | AM11: 0 | AN11: 0 | AO11: 0 | AP11: 0 | AQ11: 0.03 | AR11: 0 | AS11: 0.03 | AT11: 0 | AU11: 0.06 | AV11: 0 | AW11: 0.08 | AX11: 0 | AY11: 300 | AZ11: 120 | BA11: 300 | BB11: 120 | BC11: 0 | BD11: 0 | BE11: 0 | BF11: 0 | BG11: 0 | BH11: 0 | BI11: 0
A12: 2015-04-01 3:00:00 | B12: 0 | C12: 0 | D12: 0 | E12: 43.75 | F12: 268.53 | G12: 58.16 | H12: 99.24 | I12: 122.25 | J12: 35.88 | K12: 44.54 | L12: 119.74 | M12: 43.8 | N12: -0.07 | O12: -3.09 | P12: -14 | Q12: 0 | R12: -0.22 | S12: 0 | T12: -0.1 | U12: 0 | V12: 0 | W12: 0 | X12: 0 | Y12: 0 | Z12: 0.43 | AA12: 100 | AB12: 0 | AC12: 0.25 | AD12: 0 | AE12: 0 | AF12: 0 | AG12: 0 | AH12: 0 | AI12: 0 | AJ12: 0 | AK12: 0 | AL12: 21.11 | AM12: 0 | AN12: 0 | AO12: 0 | AP12: 0 | AQ12: 0.03 | AR12: 0 | AS12: 0.03 | AT12: 0 | AU12: 0.06 | AV12: 0 | AW12: 0.01 | AX12: 0.01 | AY12: 300 | AZ12: 120 | BA12: 300 | BB12: 120 | BC12: 0 | BD12: 0 | BE12: 0 | BF12: 0 | BG12: 0 | BH12: 0 | BI12: 0
A13: 2015-04-01 4:00:00 | B13: 0 | C13: 0.95 | D13: 0 | E13: 44.97 | F13: 265.86 | G13: 67.74 | H13: 96.95 | I13: 115.22 | J13: 34.92 | K13: 43.13 | L13: 116.77 | M13: 43.6 | N13: -0.68 | O13: -3.09 | P13: -13.75 | Q13: 0 | R13: -0.24 | S13: 0 | T13: -0.21 | U13: 0 | V13: 0 | W13: 0 | X13: 0 | Y13: 0 | Z13: 0.43 | AA13: 100 | AB13: 0 | AC13: 0.25 | AD13: 0 | AE13: 0 | AF13: 0 | AG13: 0 | AH13: 0 | AI13: 0 | AJ13: 0 | AK13: 0 | AL13: 21.11 | AM13: 0 | AN13: 0 | AO13: 0 | AP13: 0 | AQ13: 0.03 | AR13: 0 | AS13: 0.03 | AT13: 0 | AU13: 0.06 | AV13: 0 | AW13: 0.03 | AX13: 0 | AY13: 300 | AZ13: 120 | BA13: 300 | BB13: 120 | BC13: 0 | BD13: 0 | BE13: 0 | BF13: 0 | BG13: 0 | BH13: 0 | BI13: 0
A14: 2015-04-01 5:00:00 | B14: 0 | C14: 1.92 | D14: 0 | E14: 48.09 | F14: 290.12 | G14: 206.63 | H14: 96.86 | I14: 116.08 | J14: 34.32 | K14: 43.38 | L14: 114.26 | M14: 67.12 | N14: -0.36 | O14: -3.11 | P14: -11.62 | Q14: 0 | R14: -0.25 | S14: 0 | T14: 0 | U14: 0 | V14: 0 | W14: 0 | X14: 0 | Y14: 0 | Z14: 0.43 | AA14: 100 | AB14: 0 | AC14: 0.25 | AD14: 0 | AE14: 0 | AF14: 0 | AG14: 0 | AH14: 0 | AI14: 0 | AJ14: 0 | AK14: 0 | AL14: 21.11 | AM14: 0 | AN14: 0 | AO14: 0 | AP14: 0 | AQ14: 0.03 | AR14: 0 | AS14: 0.03 | AT14: 0 | AU14: 0.06 | AV14: 0 | AW14: 0.15 | AX14: 0.1 | AY14: 300 | AZ14: 120 | BA14: 300 | BB14: 120 | BC14: 0 | BD14: 0 | BE14: 0 | BF14: 0 | BG14: 0 | BH14: 0 | BI14: 0
A15: 2015-04-01 6:00:00 | B15: 0 | C15: 0 | D15: 0 | E15: 50.87 | F15: 257.25 | G15: 79.69 | H15: 92.64 | I15: 125.95 | J15: 33.28 | K15: 42.4 | L15: 122.34 | M15: 61.76 | N15: -3.14 | O15: -3.07 | P15: -13.91 | Q15: 0 | R15: -0.31 | S15: 0 | T15: 0 | U15: 0 | V15: 0 | W15: 0 | X15: 0 | Y15: 0 | Z15: 0.43 | AA15: 100 | AB15: 0 | AC15: 0.25 | AD15: 0 | AE15: 0 | AF15: 0 | AG15: 0 | AH15: 0 | AI15: 0 | AJ15: 0 | AK15: 0 | AL15: 21.11 | AM15: 0 | AN15: 0 | AO15: 0 | AP15: 0 | AQ15: 0.03 | AR15: 0 | AS15: 0.03 | AT15: 0 | AU15: 0.06 | AV15: 0 | AW15: 0.07 | AX15: 0 | AY15: 300 | AZ15: 120 | BA15: 300 | BB15: 120 | BC15: 0 | BD15: 0 | BE15: 0 | BF15: 0 | BG15: 0 | BH15: 0 | BI15: 0
A16: 2015-04-01 7:00:00 | B16: 0 | C16: 0 | D16: 0 | E16: 49.48 | F16: 252.86 | G16: 70.31 | H16: 88.4 | I16: 135.11 | J16: 30.76 | K16: 41.49 | L16: 90.74 | M16: 56.98 | N16: -4.22 | O16: -3.08 | P16: -14.54 | Q16: 0 | R16: -0.33 | S16: 0 | T16: 0 | U16: 0 | V16: 0 | W16: 0 | X16: 0 | Y16: 0 | Z16: 0.43 | AA16: 100 | AB16: 0 | AC16: 0.25 | AD16: 0 | AE16: 0 | AF16: 0 | AG16: 0 | AH16: 0 | AI16: 0 | AJ16: 0 | AK16: 0 | AL16: 21.11 | AM16: 0 | AN16: 0 | AO16: 0 | AP16: 0 | AQ16: 0.03 | AR16: 0 | AS16: 0.03 | AT16: 0 | AU16: 0.06 | AV16: 0 | AW16: 0.02 | AX16: 0.03 | AY16: 300 | AZ16: 120 | BA16: 300 | BB16: 120 | BC16: 0 | BD16: 0 | BE16: 0 | BF16: 0 | BG16: 0 | BH16: 0 | BI16: 0
A17: 2015-04-01 8:00:00 | B17: 0 | C17: 0 | D17: 0 | E17: 48.95 | F17: 242.69 | G17: 59.98 | H17: 82.35 | I17: 133.89 | J17: 32.78 | K17: 41.06 | L17: 84.6 | M17: 55.68 | N17: -4.77 | O17: -3.01 | P17: -14.83 | Q17: 0 | R17: -0.45 | S17: 0 | T17: -0.17 | U17: 0 | V17: 0 | W17: 0 | X17: 0 | Y17: 0 | Z17: 0.43 | AA17: 100 | AB17: 0 | AC17: 0.25 | AD17: 0 | AE17: 0 | AF17: 0 | AG17: 0 | AH17: 0 | AI17: 0 | AJ17: 0 | AK17: 0 | AL17: 21.11 | AM17: 0 | AN17: 0 | AO17: 0 | AP17: 0 | AQ17: 0.03 | AR17: 0 | AS17: 0.04 | AT17: 0 | AU17: 0.07 | AV17: 0 | AW17: 0.09 | AX17: 0.03 | AY17: 300 | AZ17: 120 | BA17: 300 | BB17: 120 | BC17: 0 | BD17: 0 | BE17: 0 | BF17: 0 | BG17: 0 | BH17: 0 | BI17: 0
A18: 2015-04-01 9:00:00 | B18: 0 | C18: 1.09 | D18: 0 | E18: 52.59 | F18: 269.3 | G18: 165.1 | H18: 76.36 | I18: 137.74 | J18: 36.02 | K18: 41.31 | L18: 94.03 | M18: 78.43 | N18: -2.67 | O18: -3.08 | P18: -13.84 | Q18: 0 | R18: -0.55 | S18: 0 | T18: -1.02 | U18: 0 | V18: 0 | W18: 0 | X18: 0 | Y18: 0 | Z18: 0.44 | AA18: 100 | AB18: 0 | AC18: 0.25 | AD18: 0 | AE18: 0 | AF18: 0 | AG18: 0 | AH18: 0 | AI18: 0 | AJ18: 0 | AK18: 0 | AL18: 21.11 | AM18: 0 | AN18: 0 | AO18: 0 | AP18: 0 | AQ18: 0.04 | AR18: 0.01 | AS18: 0.05 | AT18: 0 | AU18: 0.07 | AV18: 0 | AW18: 0.19 | AX18: 0.04 | AY18: 300 | AZ18: 120 | BA18: 300 | BB18: 120 | BC18: 0 | BD18: 0 | BE18: 0 | BF18: 0 | BG18: 0 | BH18: 0 | BI18: 0
A19: 2015-04-01 10:00:00 | B19: 0 | C19: 2.2 | D19: 0 | E19: 63.89 | F19: 516.52 | G19: 489.61 | H19: 73.13 | I19: 171.55 | J19: 35.01 | K19: 47.87 | L19: 134.57 | M19: 162.85 | N19: 0 | O19: -3.11 | P19: -12.24 | Q19: 0 | R19: -0.59 | S19: 0 | T19: 0 | U19: 0 | V19: 0 | W19: 0 | X19: 0 | Y19: 0 | Z19: 0.46 | AA19: 100 | AB19: 0 | AC19: 0.25 | AD19: 0 | AE19: 0 | AF19: 0 | AG19: 0 | AH19: 0 | AI19: 0 | AJ19: 0 | AK19: 0 | AL19: 21.11 | AM19: 0 | AN19: 0 | AO19: 0 | AP19: 0 | AQ19: 0.04 | AR19: 0.01 | AS19: 0.06 | AT19: 0 | AU19: 0.07 | AV19: 0 | AW19: 0.04 | AX19: 0 | AY19: 300 | AZ19: 120 | BA19: 300 | BB19: 120 | BC19: 0 | BD19: 0 | BE19: 0 | BF19: 0 | BG19: 0 | BH19: 0 | BI19: 0
A20: 2015-04-01 11:00:00 | B20: 0 | C20: 3.02 | D20: 0 | E20: 81.94 | F20: 703.82 | G20: 584.52 | H20: 78.05 | I20: 221.96 | J20: 36.4 | K20: 49.63 | L20: 163.63 | M20: 214.79 | N20: 0 | O20: -3.16 | P20: -11.38 | Q20: 0 | R20: -0.68 | S20: 0 | T20: 0 | U20: 0 | V20: 0 | W20: 0 | X20: 21.1 | Y20: 0 | Z20: 0.46 | AA20: 100 | AB20: 0 | AC20: 0.25 | AD20: 0 | AE20: 18.7 | AF20: 0 | AG20: 0 | AH20: 0 | AI20: 0 | AJ20: 0 | AK20: 0 | AL20: 21.11 | AM20: 0 | AN20: 0 | AO20: 0 | AP20: 0 | AQ20: 0.04 | AR20: 0.01 | AS20: 0.06 | AT20: 0 | AU20: 0.07 | AV20: 0 | AW20: 0.04 | AX20: 0 | AY20: 300 | AZ20: 120 | BA20: 300 | BB20: 120 | BC20: 0 | BD20: 0 | BE20: 0 | BF20: 0 | BG20: 0 | BH20: 0 | BI20: 0
... A32: 2015-04-01 23:00:00 | B32: 49.98 | C32: 2.66 | D32: 4.2 | E32: 388.83 | F32: 1199.97 | G32: 853.76 | H32: 771.66 | I32: 536.1 | J32: 225.49 | K32: 203.37 | L32: 445.92 | M32: 855.17 | N32: -647.7 | O32: -2.8 | P32: -22.84 | Q32: -4.31 | R32: -0.18 | S32: 0 | T32: -13.47 | U32: 124.73 | V32: 3.47 | W32: 816.21 | X32: 573.24 | Y32: 789.02 | Z32: 100 | AA32: 100 | AB32: 68.73 | AC32: 493.35 | AD32: 500.96 | AE32: 105.3 | AF32: 0 | AG32: 10.46 | AH32: 0 | AI32: 17.78 | AJ32: 1.67 | AK32: 0.51 | AL32: 21.11 | AM32: 0.06 | AN32: 0 | AO32: 0.2 | AP32: 0.64 | AQ32: 7.12 | AR32: 1.26 | AS32: 0.58 | AT32: 0.01 | AU32: 0.43 | AV32: 0 | AW32: 15.05 | AX32: 24.33 | AY32: 18.31 | AZ32: 23.22 | BA32: 23.6 | BB32: 27.69 | BC32: 0 | BD32: 0 | BE32: 0 | BF32: 0 | BG32: 0 | BH32: 0 | BI32: 0

Sheet Sheet3
